average_cer,average_latency_seconds,average_wer,failure_rate,model_name,num_samples
0.4991158115966705,1.2604965349979467,1.1499891774891773,0.0,wav2vec2,20
0.43213260662901065,4.614625635000993,0.6168011155511156,0.0,whisper-small,20
0.33445339136955254,13.890908430007403,0.5466221278721279,0.0,whisper-medium,20
